Enabled,Address,Port,Location,Name
1,127.0.0.1,4001,,all
1,127.0.0.1,4002,,top-pokemon
1,127.0.0.1,4003,40.67813201 -73.9445436,area-brooklyn
1,127.0.0.1,4004,40.78099638 -73.9724546,area-central-park